{
    "class_name": "10A",
    "pupils": [
        "Max",
        "Joshau",
        "daniel"
    ],
    "teachers": [
        "Frau Becker",
        "Frau Fischer",
        "Frau Krüger",
        "Frau Peters",
        "Frau Richter",
        "Frau Schmidt",
        "Frau Schneider",
        "Frau Weber",
        "Herr Hartmann",
        "Herr Hoffmann",
        "Herr Klein",
        "Herr Mayer",
        "Herr Müller",
        "Herr Neumann",
        "Herr Wolf"
    ],
    "attendance": [
        [
            "Max",
            true
        ],
        [
            "Joshau",
            true
        ],
        [
            "daniel",
            true
        ]
    ],
    "grades_by_subject": {
        "Deutsch": {
            "grades": [
                [
                    "Max"
                ],
                [
                    "Joshau"
                ],
                [
                    "daniel"
                ]
            ],
            "headers": [
                "Name"
            ]
        }
    },
    "cancellations": [
        {
            "date": "2025-10-25",
            "period": 3,
            "subject": "Mathe",
            "reason": "krank"
        }
    ],
    "timetable": {
        "days": [
            "Mo",
            "Di",
            "Mi",
            "Do",
            "Fr"
        ],
        "periods": [
            "1",
            "2",
            "3",
            "4",
            "5",
            "6",
            "7",
            "8"
        ],
        "entries": [
            {
                "day": 0,
                "period": 1,
                "subject": "Mathe",
                "teacher": "Herr Müller",
                "room": "B201"
            },
            {
                "day": 0,
                "period": 2,
                "subject": "Deutsch",
                "teacher": "Frau Schmidt",
                "room": "A105"
            },
            {
                "day": 0,
                "period": 3,
                "subject": "Englisch",
                "teacher": "Frau Fischer",
                "room": "C301"
            },
            {
                "day": 0,
                "period": 4,
                "subject": "Sport",
                "teacher": "Herr Klein",
                "room": "Halle"
            },
            {
                "day": 0,
                "period": 5,
                "subject": "Biologie",
                "teacher": "Herr Neumann",
                "room": "Labor 1"
            },
            {
                "day": 0,
                "period": 6,
                "subject": "Kunst",
                "teacher": "Frau Becker",
                "room": "Kunstraum 2"
            },
            {
                "day": 0,
                "period": 7,
                "subject": "Geschichte",
                "teacher": "Herr Wolf",
                "room": "A204"
            },
            {
                "day": 1,
                "period": 1,
                "subject": "Physik",
                "teacher": "Frau Krüger",
                "room": "Labor 2"
            },
            {
                "day": 1,
                "period": 2,
                "subject": "Mathe",
                "teacher": "Herr Müller",
                "room": "B201"
            },
            {
                "day": 1,
                "period": 3,
                "subject": "Informatik",
                "teacher": "Frau Weber",
                "room": "IT 1"
            },
            {
                "day": 1,
                "period": 4,
                "subject": "Englisch",
                "teacher": "Frau Fischer",
                "room": "C301"
            },
            {
                "day": 1,
                "period": 5,
                "subject": "Deutsch",
                "teacher": "Frau Schmidt",
                "room": "A105"
            },
            {
                "day": 1,
                "period": 6,
                "subject": "Erdkunde",
                "teacher": "Herr Hartmann",
                "room": "A206"
            },
            {
                "day": 1,
                "period": 7,
                "subject": "Musik",
                "teacher": "Frau Richter",
                "room": "Musikraum"
            },
            {
                "day": 2,
                "period": 1,
                "subject": "Mathe",
                "teacher": "Herr Müller",
                "room": "B201"
            },
            {
                "day": 2,
                "period": 2,
                "subject": "Sport",
                "teacher": "Herr Klein",
                "room": "Halle"
            },
            {
                "day": 2,
                "period": 3,
                "subject": "Französisch",
                "teacher": "Frau Schneider",
                "room": "C204"
            },
            {
                "day": 2,
                "period": 4,
                "subject": "Geschichte",
                "teacher": "Herr Wolf",
                "room": "A204"
            },
            {
                "day": 2,
                "period": 5,
                "subject": "Deutsch",
                "teacher": "Frau Schmidt",
                "room": "A105"
            },
            {
                "day": 2,
                "period": 6,
                "subject": "Physik",
                "teacher": "Frau Krüger",
                "room": "Labor 2"
            },
            {
                "day": 2,
                "period": 7,
                "subject": "Informatik",
                "teacher": "Frau Weber",
                "room": "IT 1"
            },
            {
                "day": 3,
                "period": 1,
                "subject": "Biologie",
                "teacher": "Herr Neumann",
                "room": "Labor 1"
            },
            {
                "day": 3,
                "period": 2,
                "subject": "Mathe",
                "teacher": "Herr Müller",
                "room": "B201"
            },
            {
                "day": 3,
                "period": 3,
                "subject": "Englisch",
                "teacher": "Frau Fischer",
                "room": "C301"
            },
            {
                "day": 3,
                "period": 4,
                "subject": "Chemie",
                "teacher": "Herr Hoffmann",
                "room": "Labor 3"
            },
            {
                "day": 3,
                "period": 5,
                "subject": "Religion/Ethik",
                "teacher": "Frau Peters",
                "room": "A108"
            },
            {
                "day": 3,
                "period": 6,
                "subject": "Deutsch",
                "teacher": "Frau Schmidt",
                "room": "A105"
            },
            {
                "day": 3,
                "period": 7,
                "subject": "Kunst",
                "teacher": "Frau Becker",
                "room": "Kunstraum 2"
            },
            {
                "day": 4,
                "period": 1,
                "subject": "Erdkunde",
                "teacher": "Herr Hartmann",
                "room": "A206"
            },
            {
                "day": 4,
                "period": 2,
                "subject": "Mathe",
                "teacher": "Herr Müller",
                "room": "B201"
            },
            {
                "day": 4,
                "period": 3,
                "subject": "Deutsch",
                "teacher": "Frau Schmidt",
                "room": "A105"
            },
            {
                "day": 4,
                "period": 4,
                "subject": "Physik",
                "teacher": "Frau Krüger",
                "room": "Labor 2"
            },
            {
                "day": 4,
                "period": 5,
                "subject": "Sport",
                "teacher": "Herr Klein",
                "room": "Halle"
            },
            {
                "day": 4,
                "period": 6,
                "subject": "Informatik",
                "teacher": "Frau Weber",
                "room": "IT 1"
            },
            {
                "day": 4,
                "period": 7,
                "subject": "Sozialkunde",
                "teacher": "Herr Mayer",
                "room": "A207"
            }
        ]
    }
}